{"cameraMode":{"drawMode":0,"name":"Shaded","section":"Shading Mode"},"sceneLighting":true,"audioPlay":false,"sceneViewState":{"showFog":true,"showMaterialUpdate":false,"showSkybox":true,"showFlares":true,"showImageEffects":true,"showParticleSystems":true},"in2DMode":false,"pivot":{"x":0.005313873291015625,"y":1.1250066757202149,"z":-0.09572070837020874},"rotation":{"x":-0.14486224949359895,"y":0.6527985334396362,"z":-0.12914423644542695,"w":-0.7322505116462708},"size":11.600650787353516,"orthographic":false}